Timestamp	Email Address	이름 (한글로 적어 주세요. 오타 확인해 주세요.)	연사/현장요원 여부	소속 (예시: KAIST AI, POSTECH EE, SNU DS)	현재 신분 (직급 또는 학위과정)	참석 희망 식사	숙박	연구 분야	포스터 발표	포스터 제목	포스터 초록	식이 제한	비밀번호	불참여부	Column 16	Column 17
8/20/2026 18:11:13	jh_lee00@kaist.ac.kr	이정현	아니오	KAIST AI	PhD Student											
9/28/2026 19:30:39	sangdon@postech.ac.kr	박상돈	예 (초청 연사)	POSTECH AI	Professor											
8/22/2026 0:37:01	jongyeong.lee95@gmail.com	이종영	예 (초청 연사)	KIST CSRC	Postdoc											
9/28/2026 19:01:17	jysohn1108@gmail.com	손지용	예 (초청 연사)	Yonsei Stat	Professor											
8/23/2026 20:52:45	kihyukh@kaist.ac.kr	홍기혁	예 (초청 연사)	KAIST ISE (산업및시스템공학과)	Professor											
8/25/2026 15:03:48	donghwankim@kaist.ac.kr	김동환	예 (초청 연사)	KAIST Math	Professor											
8/25/2026 16:12:45	crisophy@postech.ac.kr	이민수	아니오	POSTECH MATH	PhD Student											
9/28/2026 21:33:49	chlee973@kaist.ac.kr	이창해	아니오	KAIST AI	MSc Student											
8/25/2026 19:44:24	jesgood@hanmail.net	지은성	아니오	KAIST Mathematics	PhD Student											
8/25/2026 19:45:11	jhs4015@kaist.ac.kr	조한슬	아니오	KAIST AI	PhD Student											
8/25/2026 19:47:30	axiom0102@kaist.ac.kr	윤대한	아니오	KAIST AI	MSc Student											
8/25/2026 19:48:27	cmkang8128@kaist.ac.kr	강창민	아니오	KAIST AI	PhD Student											
9/21/2026 19:45:34	kkw4053@kaist.ac.kr	김규원	아니오	KAIST MAS	PhD Student											
8/25/2026 19:52:58	niyanda01@kaist.ac.kr	이경재	아니오	KAIST MAS	PhD Student											
9/16/2026 10:06:29	junsoo.oh@kaist.ac.kr	오준수	아니오	KAIST AI	PhD Student											
8/25/2026 20:22:13	minoh@snu.ac.kr	오민환	예 (초청 연사)	서울대학교	Professor											
8/25/2026 20:25:36	yunst97@snu.ac.kr	윤형준	아니오	SNU DS	MSc Student											
9/29/2026 10:09:49	hongseok00@gmail.com	양홍석	아니오	KIAS School of Computational Sciences	Professor											
8/25/2026 20:45:25	kwanhee.lee@postech.ac.kr	이관희	아니오	POSTECH AI	MSc Student											
8/25/2026 20:49:03	jaeho.lee@postech.ac.kr	이재호	예 (초청 연사)	POSTECH EE	Professor											
9/21/2026 16:06:34	minsoo0926@postech.ac.kr	하민수	예 (현장 요원)	POSTECH GSAI	MSc Student											
9/15/2026 16:47:06	seiyuns2@illinois.edu	신세윤	예 (현장 요원)	POSTECH GSAI	Postdoc											
9/29/2026 9:57:29	mchae@postech.ac.kr	채민우	아니오	POSTECH IME	Professor											
8/25/2026 22:07:29	chajaeyoung@kaist.ac.kr	차재영	아니오	KAIST AI	PhD Student											
8/25/2026 22:16:39	sujin.kim@kaist.ac.kr	김수진	아니오	KAIST AI	MSc Student											
9/28/2026 18:51:11	sungbin.shin@postech.ac.kr	신성빈	아니오	POSTECH CSE	PhD Student											
8/25/2026 23:23:21	wonsang@postech.ac.kr	윤원상	아니오	POSTECH IDS	MSc Student											
8/26/2026 0:42:55	dongyeop.lee2@postech.ac.kr	이동엽	아니오	POSTECH GSAI	PhD Student											
8/26/2026 2:12:30	sangwoo.mo@postech.ac.kr	모상우	아니오	POSTECH	Professor											
9/28/2026 19:03:59	ji9759@kaist.ac.kr	정지혁	아니오	KAIST AI	MSc Student											
8/26/2026 8:25:13	autopiabuilder@gmail.com	정석원	아니오	KAIST AI 	MSc Student									TRUE		
8/26/2026 9:15:46	jisneok.chung@postech.ac.kr	정진석	아니오	POSTECH GSAI	PhD Student											
9/28/2026 19:14:31	suri7897@kaist.ac.kr	이강준	아니오	KAIST MATH	MSc Student											
9/28/2026 20:06:05	tetrise9@kaist.ac.kr	구태원	아니오	KAIST	Undergrad Student											
8/26/2026 10:07:30	matthewwk@postech.ac.kr	윤성규	아니오	POSTECH IDS	MSc Student											
8/26/2026 10:15:29	honesty415@postech.ac.kr	이정직	아니오	POSTECH IME	PhD Student											
8/26/2026 10:17:06	tjdgh1813@postech.ac.kr	조성호	아니오	POSTECH IME	PhD Student											
9/28/2026 19:33:50	kyujun02@kaist.ac.kr	김유준	아니오	KAIST AI	PhD Student											
8/26/2026 10:33:39	retapurayo@kaist.ac.kr	장호연	아니오	KAIST AI	PhD Student									TRUE		
8/26/2026 10:35:34	yechan0920@postech.ac.kr	장예찬	아니오	POSTECH SDS	MSc Student											
8/26/2026 10:36:29	dgkim@postech.ac.kr	김동근	아니오	POSTECH IME	PhD Student											
8/26/2026 10:50:40	juyeon@postech.ac.kr	박주연	아니오	POSTECH IME	Master student											
8/26/2026 11:14:43	yejin.c.kim@gmail.com	김예진	아니오	KAIST AI	PhD Student											
8/26/2026 11:29:35	hgh2134@gist.ac.kr	황건호	아니오	GIST	Professor											
8/26/2026 11:36:23	hyunji.jung@postech.ac.kr	정현지	아니오	POSTECH AI	MSc Student											
9/28/2026 20:26:43	jinseong@kias.re.kr	박진성	아니오	KIAS	Postdoc											
9/28/2026 21:40:34	jaewoongchoi@skku.edu	최재웅	아니오	SKKU Stat	Professor											
8/26/2026 12:33:37	minjuh@andrew.cmu.edu	홍민주	아니오	무소속 (Former: KAIST EE)	Post-master's Researcher											
8/26/2026 12:40:29	kshwi@postech.ac.kr	김성휘	아니오	POSTECH	PhD Student											
8/26/2026 13:44:48	ggh1999@hanyang.ac.kr	김광호	아니오	Hanyang CS	MSc Student											
8/26/2026 14:02:55	sion0107@hanyang.ac.kr	염지민	아니오	HYU CSE	MSc Student											
8/26/2026 14:22:07	hth021002@postech.ac.kr	하태혁	아니오	POSTECH CES	Undergrad Student											
9/29/2026 9:29:19	ksm0385@gmail.com	고승찬	아니오	KAIST AI수학대학원	Professor									TRUE		
8/26/2026 14:57:33	hoo9565j@hanyang.ac.kr	이정유	아니오	한양대학교	MSc Student											
9/28/2026 21:21:08	yejun1677@kaist.ac.kr	김예준	아니오	KAIST MAS	PhD Student											
8/26/2026 15:08:46	dxyxn0810@snu.ac.kr	전도윤	아니오	SNU DS	MSc Student											
8/26/2026 15:28:07	uniqueseouh@snu.ac.kr	이서원	아니오	SNU DS	PhD Student											
8/26/2026 15:29:02	jrhopefulp@snu.ac.kr	박소망찬	아니오	SNU DS	PhD Student											
8/26/2026 15:29:05	heesun1018@snu.ac.kr	지희선	아니오	SNU DS	MSc Student											
8/26/2026 15:31:30	sungwoo.park@snu.ac.kr	박성우	아니오	SNU DS	PhD Student											
8/26/2026 15:33:27	albertno@yonsei.ac.kr	노알버트	아니오	연세대학교	Professor											
9/28/2026 19:45:32	sang3798@snu.ac.kr	안희상	아니오	SNU DS	PhD Student											
8/26/2026 15:43:22	wooseong_cho@snu.ac.kr	조우성	아니오	SNU DS	PhD Student											
8/26/2026 15:43:23	nschj1@snu.ac.kr	최현준	아니오	SNU DS	PhD Student											
8/26/2026 15:44:51	ksjang@cau.ac.kr	장경석	예 (초청 연사)	중앙대 (CAU) AI학과	Professor											
8/26/2026 15:59:28	muwonijr@hanyang.ac.kr	김희성	아니오	HYU CS	PhD Student											
8/26/2026 16:10:43	donghyun.oh@postech.ac.kr	오동현	아니오	POSTECH GSAI	PhD Student											
8/26/2026 16:19:29	thtls456@yonsei.ac.kr	소신	아니오	YONSEI AI	MSc Student											
9/28/2026 18:44:29	kanggi1@yonsei.ac.kr	강상욱	아니오	연세대 응용통계	Professor											
9/29/2026 10:15:39	kong@unist.ac.kr	공인성	아니오	UNIST MS	Professor											
8/26/2026 17:11:28	parksh523@snu.ac.kr	박성환	아니오	SNU DS	MSc Student											
8/26/2026 17:14:38	swyoon@unist.ac.kr	윤상웅	아니오	UNIST AIGS	Professor											
8/26/2026 17:20:27	swgger@kaist.ac.kr	박상우	아니오	KAIST AI	PhD Student											
8/26/2026 17:47:05	yoodotan@snu.ac.kr	유상훈	아니오	SNU DS	PhD Student											
8/26/2026 18:35:48	fisherson0225@kaist.ac.kr	신민섭	아니오	KAIST MAS	MSc Student											
8/26/2026 18:41:36	shmin2037@snu.ac.kr	손효민	아니오	SNU DS	MSc Student											
9/29/2026 9:45:30	gyuyeolkim@snu.ac.kr	­김규열	아니오	SNU DS	PhD Student											
9/29/2026 10:23:41	th.hwang@snu.ac.kr	황태현	아니오	SNU DS	Postdoc											
8/27/2026 10:20:34	hyeondo.jang@postech.ac.kr	장현도	아니오	POSTECH GSAI	MSc Student											
8/27/2026 12:29:15	kims71@postech.ac.kr	김명수	아니오	POSTECH IME	PhD Student											
8/27/2026 12:40:42	kwangsungjun@postech.ac.kr	전광성	예 (초청 연사)	POSTECH GSAI/CSE	Professor											
8/27/2026 15:18:12	ywsong1025@kaist.ac.kr	송영우	아니오	KAIST Physics	PhD Student											
8/27/2026 17:38:11	chulhee.yun@kaist.ac.kr	윤철희	예 (초청 연사)	KAIST AI	Professor											
8/27/2026 17:50:19	yunseyoung@kaist.ac.kr	윤세영	예 (초청 연사)	kaist	Professor											
8/27/2026 19:02:11	juholee@kaist.ac.kr	이주호	예 (초청 연사)	KAIST AI	Professor											
9/28/2026 18:50:25	dabeenl@snu.ac.kr	이다빈	예 (초청 연사)	SNU MATH	Professor											
8/27/2026 21:44:13	namhoon.lee@postech.ac.kr	이남훈	예 (초청 연사)	POSTECH CSE / GSAI	Professor											
8/28/2026 9:17:53	bryantruong.work@gmail.com	Bryan Truong	아니오	KAIST AI	PhD Student											
8/28/2026 9:40:15	yunjae.won@kaist.ac.kr	원윤재	아니오	KAIST AI	PhD Student									TRUE		
9/28/2026 21:38:01	hyeonjin@yonsei.ac.kr	김현진	아니오	YONSEI CS	MSc Student											
8/28/2026 11:15:25	2025324135@yonsei.ac.kr	윤상연	아니오	YONSEI	PhD Student											
8/28/2026 13:01:31	dolabkim@gmail.com	김도현	아니오	KAIST AI	MSc Student											
9/28/2026 18:52:03	siniy.vyacheslav@gmail.com	Viacheslav Sinii	아니오	KAIST AI	MSc Student											
8/29/2026 21:13:44	djh@yonsei.ac.kr	한동준	아니오	연세대학교 CS	Professor											
8/29/2026 23:55:57	mraz9@yonsei.ac.kr	정준우	아니오	Yonsei CS	MSc Student											
8/31/2026 17:26:32	coallaoh@gmail.com	오성준	예 (초청 연사)	Kaist ai	Professor											
8/31/2026 21:57:28	ks000225@gmail.com	김소형	아니오	KAIST AI	PhD Student											
9/28/2026 19:09:23	chyoyhr@naver.com	최용희	아니오	연세대학교 CS	PhD Student											
9/7/2026 15:13:26	sungyoonlee@hanyang.ac.kr	이성윤	아니오	Hanyang CS	Professor											
9/7/2026 16:36:15	shyoon8@unist.ac.kr	윤성환	예 (초청 연사)	UNIST 인공지능대학원	Professor											
9/15/2026 11:48:06	tilinfinityfrom01@gmail.com	김예랑	아니오	KAIST AI	Incoming MSc Student (27년 3월 입학 예정)									TRUE		
9/21/2026 15:41:30	jihun.kim@postech.ac.kr	김지훈	예 (현장 요원)	POSTECH CSE	PhD Student											
9/21/2026 15:43:12	jkpark354@postech.ac.kr	박준규	예 (현장 요원)	POSTECH CSE	Undergrad Student											
9/21/2026 15:43:53	yuchan.kim@postech.ac.kr	김유찬	예 (현장 요원)	POSTECH AI	MSc Student											
9/21/2026 15:50:18	jiyun.park@postech.ac.kr	박지윤	예 (현장 요원)	POSTECH CSE	MSc Student											
9/21/2026 17:24:49	minsung.kang@postech.ac.kr	강민성	예 (현장 요원)	POSTECH CSE	Undergrad Student											
9/21/2026 22:51:31	doyoon.kim@postech.ac.kr	김도윤	예 (현장 요원)	POSTECH GSAI	MSc Student											
																
9/28/2026 18:43:54	2025324135@yonsei.ac.kr	윤상연(일반대학원 인공지능학과)	아니오	Yonsei	PhD Student											
9/28/2026 18:45:41	yunst97@snu.ac.kr	윤형준	아니오	SNU DS	MSc Student											
9/28/2026 19:40:37	dxyxn0810@snu.ac.kr	전도윤	아니오	SNU DS	MSc Student											
9/29/2026 3:05:38	kkw4053@kaist.ac.kr	김규원	아니오	KAIST MAS	PhD Student											
10/6/2026 0:00:00	walk-in.shin@let-workshop.invalid	신선영	아니오	POSTECH MATH	Professor											
10/6/2026 0:00:00	sankim@postech.ac.kr	김산	아니오	POSTECH CSE												
10/6/2026 0:00:00	ktasha45@gmail.com	김동영	아니오													
10/6/2026 0:00:00	mgkng@postech.ac.kr	강명구	아니오	POSTECH 융합대학원												
